Year,NEE_f,NEE_sqc,LE_f,LE_sqc,H_f,H_sqc,Rg_f,Rg_sqc,VPD_f,VPD_sqc,rH_f,rH_sqc,Tair_f,Tair_sqc,GPP_f,Reco
--,umolm-2s-1,--,Wm-2,--,Wm-2,--,Wm-2,--,hPa,--,%,--,degC,--,umolm-2s-1,umolm-2s-1
2023,-0.166167106609155,0.755636737256693,26.1733806665198,0.777327473029283,38.0583387648574,0.732690222044637,119.90776611372,0.487071179861864,2.65696185623192,0.91266624807352,82.8831314312228,0.928648895484902,6.15746004747343,0.935041954449455,3.15773675695149,2.99156965034233
