Year,NEE_f,NEE_sqc,LE_f,LE_sqc,H_f,H_sqc,Rg_f,Rg_sqc,VPD_f,VPD_sqc,rH_f,rH_sqc,Tair_f,Tair_sqc,GPP_f,Reco
--,umol_m-2_s-1,--,Wm-2,--,Wm-2,--,Wm-2,--,hPa,--,%,--,degC,--,umol_m-2_s-1,umol_m-2_s-1
2023,-0.0108653349585653,0.49300759175752,29.6753533137565,0.589588446829157,10.3588632852207,0.701352816941606,120.876674495988,0.886637365146412,0.286447009524799,0.845025400993207,98.2031182166024,0.846395342199897,5.2862631202663,0.844568753924311,1.1980315494358,1.18716621447724
