Year,NEE_f,NEE_sqc,LE_f,LE_sqc,VPD_f,VPD_sqc,rH_f,rH_sqc,Tair_f,Tair_sqc
--,umolm-2s-1,--,Wm-2,--,hPa,--,%,--,degC,--
2023,2.71627972676435,0.758547862320909,21.2052380866401,0.838461099377818,3.97472725785339,0.99726011758662,73.3449079689921,0.996289742565215,6.29659070536614,0.944003653176551
