Year,NEE_f,NEE_sqc,LE_f,LE_sqc,H_f,H_sqc,Rg_f,Rg_sqc,VPD_f,VPD_sqc,rH_f,rH_sqc,Tair_f,Tair_sqc,GPP_f,Reco
-,umolm-2s-1,%,Wm-2,%,Wm-2,%,Wm-2,%,hPa,%,%,%,degC,%,umolm-2s-1,umolm-2s-1
2023,0.0773650538532495,0.466236657343456,28.6472909644584,0.677321764940921,10.6543400895987,0.791426451281466,121.263332241145,0.888920600490896,0.286476293415868,0.845025400993207,98.2030533215093,0.846395342199897,5.27480001171359,0.84565329071294,1.34990942588303,1.42727447973628
